{
  "metric_namespace_version": "macrostate_v2",
  "experiment_family": "esp_performance_scale_v2",
  "experiment": "phase_a1_eval_headline",
  "query_family": "ESP",
  "smoke": false,
  "git_commit": "cb6a2c0",
  "node_count": 120,
  "scenario": "matched_marginal_high",
  "base_node_err": 0.35,
  "corr_strength": 0.25,
  "eval_scene_seeds": [
    0,
    1,
    2
  ],
  "trained_trials": 300,
  "ref_trials": 1000,
  "pre_registration": "A0: ungated J=1-P_correct; seed-level bootstrap headline; reliability separate",
  "reference": {
    "distance": {
      "macro": {
        "macro_P_correct": 0.4216666666666667,
        "macro_F_wrong": 0.018,
        "macro_F_split": 0.0,
        "macro_F_deadline": 0.5603333333333333,
        "macro_P_correct_ci": [
          0.40410653804248964,
          0.43942715561166323
        ],
        "macro_F_wrong_ci": [
          0.0138220828236676,
          0.023410772597204126
        ],
        "macro_F_split_ci": [
          1.082815591027341e-19,
          0.0012788956648046954
        ],
        "macro_F_deadline_ci": [
          0.5425058339304357,
          0.5780065126593446
        ]
      },
      "ungated_cost": 0.5783333333333334,
      "reliability_status": {
        "macro_F_wrong": 0.018,
        "macro_F_wrong_ucb": 0.023410772597204126,
        "macro_F_split": 0.0,
        "macro_F_split_ucb": 0.0012788956648046954,
        "eps_wrong": 0.001,
        "eps_split": 0.001,
        "feasible_wrong_ucb": false,
        "feasible_split_ucb": false
      }
    },
    "uniform_esp": {
      "macro": {
        "macro_P_correct": 0.37,
        "macro_F_wrong": 0.011666666666666667,
        "macro_F_split": 0.0,
        "macro_F_deadline": 0.6183333333333333,
        "macro_P_correct_ci": [
          0.35289957694473817,
          0.3874329359281111
        ],
        "macro_F_wrong_ci": [
          0.008400639851992563,
          0.016181748247300027
        ],
        "macro_F_split_ci": [
          1.082815591027341e-19,
          0.0012788956648046954
        ],
        "macro_F_deadline_ci": [
          0.600808490878525,
          0.6355555038141378
        ]
      },
      "ungated_cost": 0.63,
      "reliability_status": {
        "macro_F_wrong": 0.011666666666666667,
        "macro_F_wrong_ucb": 0.016181748247300027,
        "macro_F_split": 0.0,
        "macro_F_split_ucb": 0.0012788956648046954,
        "eps_wrong": 0.001,
        "eps_split": 0.001,
        "feasible_wrong_ucb": false,
        "feasible_split_ucb": false
      }
    }
  },
  "per_seed": {
    "0": {
      "checkpoint_hash": "78fd71c2c75938810f1bc717e515286c64fc9b3f0222ce7e56dd946263bc89c5",
      "macro": {
        "macro_P_correct": 0.42111111111111116,
        "macro_F_wrong": 0.023333333333333334,
        "macro_F_split": 0.0,
        "macro_F_deadline": 0.5555555555555556,
        "macro_P_correct_ci": [
          0.38925578644301106,
          0.4536370390255223
        ],
        "macro_F_wrong_ci": [
          0.015311213884495689,
          0.03540740760847387
        ],
        "macro_F_split_ci": [
          4.318375942142756e-19,
          0.0042503022653526895
        ],
        "macro_F_deadline_ci": [
          0.5229232379707808,
          0.587715617333069
        ]
      },
      "ungated_cost": 0.5788888888888888,
      "reliability_status": {
        "macro_F_wrong": 0.023333333333333334,
        "macro_F_wrong_ucb": 0.03540740760847387,
        "macro_F_split": 0.0,
        "macro_F_split_ucb": 0.0042503022653526895,
        "eps_wrong": 0.001,
        "eps_split": 0.001,
        "feasible_wrong_ucb": false,
        "feasible_split_ucb": false
      }
    },
    "1": {
      "checkpoint_hash": "cc0d0d24a061bd6d119ad59d92274d34315f3cc660b2c50a3062ebe6f9e16fd1",
      "macro": {
        "macro_P_correct": 0.4211111111111111,
        "macro_F_wrong": 0.021111111111111112,
        "macro_F_split": 0.0,
        "macro_F_deadline": 0.5577777777777778,
        "macro_P_correct_ci": [
          0.389255786443011,
          0.45363703902552227
        ],
        "macro_F_wrong_ci": [
          0.013556055146784884,
          0.032737012134030685
        ],
        "macro_F_split_ci": [
          4.318375942142756e-19,
          0.0042503022653526895
        ],
        "macro_F_deadline_ci": [
          0.5251524702149056,
          0.5899119393010981
        ]
      },
      "ungated_cost": 0.5788888888888889,
      "reliability_status": {
        "macro_F_wrong": 0.021111111111111112,
        "macro_F_wrong_ucb": 0.032737012134030685,
        "macro_F_split": 0.0,
        "macro_F_split_ucb": 0.0042503022653526895,
        "eps_wrong": 0.001,
        "eps_split": 0.001,
        "feasible_wrong_ucb": false,
        "feasible_split_ucb": false
      }
    },
    "2": {
      "checkpoint_hash": "cbe6abb132e87cd651a57b2a332ccd9c2c3f077c492d60db97e39dcff8fa1040",
      "macro": {
        "macro_P_correct": 0.4177777777777778,
        "macro_F_wrong": 0.02,
        "macro_F_split": 0.0,
        "macro_F_deadline": 0.5622222222222223,
        "macro_P_correct_ci": [
          0.3859719434239726,
          0.4502825507263298
        ],
        "macro_F_wrong_ci": [
          0.012687706026972813,
          0.031392584147765766
        ],
        "macro_F_split_ci": [
          4.318375942142756e-19,
          0.0042503022653526895
        ],
        "macro_F_deadline_ci": [
          0.5296128982360272,
          0.5943026197042846
        ]
      },
      "ungated_cost": 0.5822222222222222,
      "reliability_status": {
        "macro_F_wrong": 0.02,
        "macro_F_wrong_ucb": 0.031392584147765766,
        "macro_F_split": 0.0,
        "macro_F_split_ucb": 0.0042503022653526895,
        "eps_wrong": 0.001,
        "eps_split": 0.001,
        "feasible_wrong_ucb": false,
        "feasible_split_ucb": false
      }
    },
    "3": {
      "checkpoint_hash": "77ea05ecb557f6739eecb42b01213cbc25e6faa43a9fbf930a26d35239c2b201",
      "macro": {
        "macro_P_correct": 0.3955555555555556,
        "macro_F_wrong": 0.015555555555555555,
        "macro_F_split": 0.0,
        "macro_F_deadline": 0.5888888888888889,
        "macro_P_correct_ci": [
          0.36411832788555193,
          0.42788062414321065
        ],
        "macro_F_wrong_ci": [
          0.009288308916157987,
          0.025940872834272617
        ],
        "macro_F_split_ci": [
          4.318375942142756e-19,
          0.0042503022653526895
        ],
        "macro_F_deadline_ci": [
          0.5564309397997402,
          0.6205912286864194
        ]
      },
      "ungated_cost": 0.6044444444444443,
      "reliability_status": {
        "macro_F_wrong": 0.015555555555555555,
        "macro_F_wrong_ucb": 0.025940872834272617,
        "macro_F_split": 0.0,
        "macro_F_split_ucb": 0.0042503022653526895,
        "eps_wrong": 0.001,
        "eps_split": 0.001,
        "feasible_wrong_ucb": false,
        "feasible_split_ucb": false
      }
    },
    "4": {
      "checkpoint_hash": "efd0bf9dd0d19fdcb9f2763acb1d0ab4fd628b5adf2c797025414e466628810f",
      "macro": {
        "macro_P_correct": 0.39222222222222225,
        "macro_F_wrong": 0.016666666666666666,
        "macro_F_split": 0.0,
        "macro_F_deadline": 0.5911111111111111,
        "macro_P_correct_ci": [
          0.36084615118512275,
          0.4245144695254088
        ],
        "macro_F_wrong_ci": [
          0.010125752119248077,
          0.02731620673725952
        ],
        "macro_F_split_ci": [
          4.318375942142756e-19,
          0.0042503022653526895
        ],
        "macro_F_deadline_ci": [
          0.5586701131654087,
          0.6227776095329048
        ]
      },
      "ungated_cost": 0.6077777777777778,
      "reliability_status": {
        "macro_F_wrong": 0.016666666666666666,
        "macro_F_wrong_ucb": 0.02731620673725952,
        "macro_F_split": 0.0,
        "macro_F_split_ucb": 0.0042503022653526895,
        "eps_wrong": 0.001,
        "eps_split": 0.001,