{
  "metric_namespace_version": "macrostate_v2",
  "experiment": "eta_deadline_sensitivity",
  "env": "matched_marginal_high (full physics)",
  "etas": [
    0.0,
    1.0,
    2.0,
    4.0,
    8.0
  ],
  "seeds": [
    0,
    1
  ],
  "trials": 100,
  "deadlines": {
    "R_d=6": {
      "F_deadline_by_eta": {
        "0": 0.525,
        "1": 0.54,
        "2": 0.5700000000000001,
        "4": 0.5800000000000001,
        "8": 0.5900000000000001
      },
      "P_correct_by_eta": {
        "0": 0.41000000000000003,
        "1": 0.405,
        "2": 0.38,
        "4": 0.37,
        "8": 0.37
      },
      "min_F_deadline_eta": 0.0,
      "deadline_benefit_vs_ESP": 0.0,
      "macro_blocks": {
        "0": {
          "macro_P_correct": 0.41000000000000003,
          "macro_F_wrong": 0.065,
          "macro_F_split": 0.0,
          "macro_F_deadline": 0.525,
          "macro_P_correct_ci": [
            0.34415559179081295,
            0.47923668927448493
          ],
          "macro_F_wrong_ci": [
            0.03837598764975975,
            0.10802003749917945
          ],
          "macro_F_split_ci": [
            0.0,
            0.018846005918320894
          ],
          "macro_F_deadline_ci": [
            0.45597270710507004,
            0.593084992599014
          ]
        },
        "1": {
          "macro_P_correct": 0.405,
          "macro_F_wrong": 0.055,
          "macro_F_split": 0.0,
          "macro_F_deadline": 0.54,
          "macro_P_correct_ci": [
            0.3393765611244294,
            0.4742041800000517
          ],
          "macro_F_wrong_ci": [
            0.0309850208013701,
            0.0957879244659355
          ],
          "macro_F_split_ci": [
            0.0,
            0.018846005918320894
          ],
          "macro_F_deadline_ci": [
            0.4708216309361468,
            0.6076706885903875
          ]
        },
        "2": {
          "macro_P_correct": 0.38,
          "macro_F_wrong": 0.05,
          "macro_F_split": 0.0,
          "macro_F_deadline": 0.5700000000000001,
          "macro_P_correct_ci": [
            0.3155889366123922,
            0.44893410480800494
          ],
          "macro_F_wrong_ci": [
            0.027382349028644982,
            0.08957905629784384
          ],
          "macro_F_split_ci": [
            0.0,
            0.018846005918320894
          ],
          "macro_F_deadline_ci": [
            0.5007036040553832,
            0.636657955116052
          ]
        },
        "4": {
          "macro_P_correct": 0.37,
          "macro_F_wrong": 0.05,
          "macro_F_split": 0.0,
          "macro_F_deadline": 0.5800000000000001,
          "macro_P_correct_ci": [
            0.30612497503752417,
            0.43877498650123936
          ],
          "macro_F_wrong_ci": [
            0.027382349028644982,
            0.08957905629784384
          ],
          "macro_F_split_ci": [
            0.0,
            0.018846005918320894
          ],
          "macro_F_deadline_ci": [
            0.5107194625547862,
            0.6462651764982826
          ]
        },
        "8": {
          "macro_P_correct": 0.37,
          "macro_F_wrong": 0.04,
          "macro_F_split": 0.0,
          "macro_F_deadline": 0.5900000000000001,
          "macro_P_correct_ci": [
            0.30612497503752417,
            0.43877498650123936
          ],
          "macro_F_wrong_ci": [
            0.02040538715065641,
            0.07693293829419882
          ],
          "macro_F_split_ci": [
            0.0,
            0.018846005918320894
          ],
          "macro_F_deadline_ci": [
            0.5207633107255153,
            0.6558444082091871
          ]
        }
      }
    },
    "R_d=14": {
      "F_deadline_by_eta": {
        "0": 0.1,
        "1": 0.095,
        "2": 0.11,
        "4": 0.07,
        "8": 0.065
      },
      "P_correct_by_eta": {
        "0": 0.685,
        "1": 0.69,
        "2": 0.675,
        "4": 0.7050000000000001,
        "8": 0.7
      },
      "min_F_deadline_eta": 8.0,
      "deadline_benefit_vs_ESP": 0.035,
      "macro_blocks": {
        "0": {
          "macro_P_correct": 0.685,
          "macro_F_wrong": 0.21000000000000002,
          "macro_F_split": 0.005,
          "macro_F_deadline": 0.1,
          "macro_P_correct_ci": [
            0.6176491585896641,
            0.7453778192205573
          ],
          "macro_F_wrong_ci": [
            0.15928329527863422,
            0.271647388153992
          ],
          "macro_F_split_ci": [
            0.0008831459893662051,
            0.02777439986977148
          ],
          "macro_F_deadline_ci": [
            0.06566994117157123,
            0.14940686356308555
          ]
        },
        "1": {
          "macro_P_correct": 0.69,
          "macro_F_wrong": 0.21000000000000002,
          "macro_F_split": 0.005,
          "macro_F_deadline": 0.095,
          "macro_P_correct_ci": [
            0.622826945087378,
            0.75001157266366
          ],
          "macro_F_wrong_ci": [
            0.15928329527863422,
            0.271647388153992
          ],
          "macro_F_split_ci": [
            0.0008831459893662051,
            0.02777439986977148
          ],
          "macro_F_deadline_ci": [
            0.0616626136498636,
            0.14360265114397636
          ]
        },
        "2": {
          "macro_P_correct": 0.675,
          "macro_F_wrong": 0.21500000000000002,
          "macro_F_split": 0.0,
          "macro_F_deadline": 0.11,
          "macro_P_correct_ci": [
            0.6073185684304498,
            0.7360853294981379
          ],
          "macro_F_wrong_ci": [
            0.16371792563672213,
            0.2770242977367209
          ],
          "macro_F_split_ci": [
            0.0,
            0.018846005918320894
          ],
          "macro_F_deadline_ci": [
            0.07377190160716046,
            0.16092798300912986
          ]
        },
        "4": {
          "macro_P_correct": 0.7050000000000001,
          "macro_F_wrong": 0.21500000000000002,
          "macro_F_split": 0.01,
          "macro_F_deadline": 0.07,
          "macro_P_correct_ci": [
            0.6384115802925059,
            0.7638615572809827
          ],
          "macro_F_wrong_ci": [
            0.16371792563672213,
            0.2770242977367209
          ],
          "macro_F_split_ci": [
            0.0027466006037749346,
            0.03572248519617954
          ],
          "macro_F_deadline_ci": [
            0.04215178292291873,
            0.11405578216683726
          ]
        },
        "8": {
          "macro_P_correct": 0.7,
          "macro_F_wrong": 0.22999999999999998,
          "macro_F_split": 0.005,
          "macro_F_deadline": 0.065,
          "macro_P_correct_ci": [
            0.6332080400667355,
            0.7592535575659362
          ],
          "macro_F_wrong_ci": [
            0.17709256241392315,
            0.29308428078197013
          ],
          "macro_F_split_ci": [
            0.0008831459893662051,
            0.02777439986977148
          ],
          "macro_F_deadline_ci": [
            0.03837598764975975,
            0.10802003749917945
          ]
        }
      }
    }
  },
  "selected_mean_distance_by_eta": {
    "0.0": 49.18446279195948,
    "4.0": 49.99304968722206,
    "8.0": 50.424126729795674
  },
  "runtime_total_s": 148.8
}