{
  "eta_curve": {
    "fixed_link/iid": {
      "eta": [
        0.0,
        0.25,
        0.5,
        1.0,
        2.0,
        4.0,
        8.0,
        16.0
      ],
      "macro_F_deadline": [
        0.0,
        0.0,
        0.0,
        0.0,
        0.0,
        0.0,
        0.0,
        0.0
      ],
      "macro_F_wrong": [
        0.0,
        0.0,
        0.0,
        0.0,
        0.0,
        0.0,
        0.0,
        0.0
      ],
      "macro_P_correct": [
        1.0,
        1.0,
        1.0,
        1.0,
        1.0,
        1.0,
        1.0,
        1.0
      ]
    },
    "fixed_link/matched_marginal_low": {
      "eta": [
        0.0,
        0.25,
        0.5,
        1.0,
        2.0,
        4.0,
        8.0,
        16.0
      ],
      "macro_F_deadline": [
        0.22500000000000003,
        0.225,
        0.23750000000000002,
        0.21250000000000002,
        0.23125,
        0.25625000000000003,
        0.25,
        0.2625
      ],
      "macro_F_wrong": [
        0.0,
        0.0,
        0.0,
        0.0,
        0.0,
        0.0,
        0.0,
        0.0
      ],
      "macro_P_correct": [
        0.7750000000000001,
        0.775,
        0.7625000000000001,
        0.7875000000000001,
        0.76875,
        0.7437500000000001,
        0.75,
        0.7375
      ]
    },
    "fixed_link/matched_marginal_high": {
      "eta": [
        0.0,
        0.25,
        0.5,
        1.0,
        2.0,
        4.0,
        8.0,
        16.0
      ],
      "macro_F_deadline": [
        0.34375,
        0.33125000000000004,
        0.33125000000000004,
        0.31875000000000003,
        0.3375,
        0.34375,
        0.35,
        0.38750000000000007
      ],
      "macro_F_wrong": [
        0.1,
        0.11875,
        0.10625000000000001,
        0.11875,
        0.125,
        0.1125,
        0.125,
        0.09375
      ],
      "macro_P_correct": [
        0.55625,
        0.55,
        0.5625,
        0.5625,
        0.5375000000000001,
        0.5437500000000001,
        0.525,
        0.51875
      ]
    },
    "fixed_link/overlapping": {
      "eta": [
        0.0,
        0.25,
        0.5,
        1.0,
        2.0,
        4.0,
        8.0,
        16.0
      ],
      "macro_F_deadline": [
        0.75,
        0.83125,
        0.8187500000000001,
        0.8187500000000001,
        0.8187500000000001,
        0.7937500000000001,
        0.7937500000000001,
        0.8
      ],
      "macro_F_wrong": [
        0.06875,
        0.05,
        0.0625,
        0.05625000000000001,
        0.05,
        0.05,
        0.05625,
        0.05625
      ],
      "macro_P_correct": [
        0.18125000000000002,
        0.11875,
        0.11875000000000002,
        0.125,
        0.13125,
        0.15625,
        0.15000000000000002,
        0.14375000000000002
      ]
    },
    "fixed_link/split_risk": {
      "eta": [
        0.0,
        0.25,
        0.5,
        1.0,
        2.0,
        4.0,
        8.0,
        16.0
      ],
      "macro_F_deadline": [
        0.8875,
        0.90625,
        0.90625,
        0.9125000000000001,
        0.8875,
        0.8812500000000001,
        0.875,
        0.8625
      ],
      "macro_F_wrong": [
        0.05625000000000001,
        0.04375,
        0.043750000000000004,
        0.03125,
        0.05625,
        0.05625,
        0.05625,
        0.05625
      ],
      "macro_P_correct": [
        0.05625,
        0.05,
        0.05,
        0.05625,
        0.05625,
        0.0625,
        0.06875,
        0.08125
      ]
    },
    "full_physics/matched_marginal_high": {
      "eta": [
        0.0,
        0.25,
        0.5,
        1.0,
        2.0,
        4.0,
        8.0,
        16.0
      ],
      "macro_F_deadline": [
        0.5416666666666667,
        0.5416666666666667,
        0.5583333333333333,
        0.6,
        0.6000000000000001,
        0.6083333333333334,
        0.6333333333333333,
        0.6333333333333333
      ],
      "macro_F_wrong": [
        0.04166666666666667,
        0.058333333333333334,
        0.058333333333333334,
        0.058333333333333334,
        0.05,
        0.04166666666666667,
        0.03333333333333333,
        0.03333333333333333
      ],
      "macro_P_correct": [
        0.4166666666666667,
        0.4,
        0.3833333333333333,
        0.3416666666666667,
        0.35,
        0.35,
        0.3333333333333333,
        0.3333333333333333
      ]
    },
    "full_physics/overlapping": {
      "eta": [
        0.0,
        0.25,
        0.5,
        1.0,
        2.0,
        4.0,
        8.0,
        16.0
      ],
      "macro_F_deadline": [
        0.9833333333333334,
        0.975,
        0.9833333333333333,
        0.975,
        0.975,
        0.975,
        0.975,
        0.975
      ],
      "macro_F_wrong": [
        0.0,
        0.008333333333333333,
        0.008333333333333333,
        0.008333333333333333,
        0.008333333333333333,
        0.008333333333333333,
        0.008333333333333333,
        0.008333333333333333
      ],
      "macro_P_correct": [
        0.016666666666666666,
        0.016666666666666666,
        0.008333333333333333,
        0.016666666666666666,
        0.016666666666666666,
        0.016666666666666666,
        0.016666666666666666,
        0.016666666666666666
      ]
    },
    "_sensitivity": {
      "R_d=6": {
        "eta": [
          0.0,
          1.0,
          2.0,
          4.0,
          8.0
        ],
        "macro_F_deadline": [
          0.525,
          0.54,
          0.5700000000000001,
          0.5800000000000001,
          0.5900000000000001
        ]
      },
      "R_d=14": {
        "eta": [
          0.0,
          1.0,
          2.0,
          4.0,
          8.0
        ],
        "macro_F_deadline": [
          0.1,
          0.095,
          0.11,
          0.07,
          0.065
        ]
      }
    }
  },
  "guarded_frontier": {
    "enable": {
      "ESP": {
        "macro_F_wrong": 0.023333333333333334,
        "macro_F_deadline": 0.03666666666666667
      },
      "CDQ2": {
        "macro_F_wrong": 0.026666666666666665,
        "macro_F_deadline": 0.016666666666666666
      }
    },
    "safety_critical": {
      "ESP": {
        "macro_F_wrong": 0.15333333333333332,
        "macro_F_deadline": 0.056666666666666664
      },
      "CDQ2": {
        "macro_F_wrong": 0.15666666666666668,
        "macro_F_deadline": 0.03666666666666667
      }
    }
  },
  "hazard_policy_map": {
    "enable": {
      "safety_first": "ESP",
      "balanced": "Guarded-CDQ2",
      "deadline_critical": "Guarded-CDQ2",
      "fail_safe_available": "ESP",
      "energy_constrained": "ESP"
    },
    "safety_critical": {
      "safety_first": "ESP",
      "balanced": "ESP",
      "deadline_critical": "ESP",
      "fail_safe_available": "ESP",
      "energy_constrained": "ESP"
    }
  },
  "esp_scale": {
    "shared_P_correct": {
      "N120": 0.95,
      "N336": 0.952,
      "N660": 0.9428571428571428
    },
    "contrast": {
      "N660": {
        "fixed_protocol": {
          "R_d": 6,
          "macro_P_correct": 0.9750000000000001,
          "macro_F_deadline": 0.025
        },
        "fixed_service_profile": {
          "R_d": 14,
          "macro_P_correct": 1.0,
          "macro_F_deadline": 0.0
        }
      },
      "N1248": {
        "fixed_protocol": {
          "R_d": 6,
          "macro_P_correct": 0.0,
          "macro_F_deadline": 1.0
        },
        "fixed_service_profile": {
          "R_d": 19,
          "macro_P_correct": 1.0,
          "macro_F_deadline": 0.0
        }
      },
      "N3036": {
        "fixed_protocol": {
          "R_d": 6,
          "macro_P_correct": 0.75,
          "macro_F_deadline": 0.25
        },
        "fixed_service_profile": {
          "R_d": 30,
          "macro_P_correct": 1.0,
          "macro_F_deadline": 0.0
        }
      }
    }
  }
}